pendulum_default,1,5011,13.633333
pendulum_default,1,10030,20.45
pendulum_default,1,15033,21.157894
pendulum_default,1,20084,41.0
pendulum_default,1,25096,37.666668
pendulum_default,1,30116,40.4
pendulum_default,1,35161,50.5
pendulum_default,1,40188,46.22222
pendulum_default,1,45229,44.1
pendulum_default,1,50269,49.666668
pendulum_default,1,55272,46.22222
pendulum_default,1,60293,45.11111
pendulum_default,1,65314,61.0
pendulum_default,1,70357,40.7
pendulum_default,1,75360,63.125
pendulum_default,1,80392,62.857143
pendulum_default,1,85446,79.333336
pendulum_default,1,90466,103.5
pendulum_default,1,95523,75.166664
pendulum_default,1,100527,113.75
pendulum_default,1,105586,99.4
pendulum_default,1,110608,107.25
pendulum_default,1,115678,83.4
pendulum_default,1,120687,126.75
pendulum_default,1,125759,108.5
pendulum_default,1,130770,100.25
pendulum_default,1,135860,108.75
pendulum_default,1,140916,162.66667
pendulum_default,1,145994,111.25
pendulum_default,1,151134,131.0
pendulum_default,1,156196,118.25
pendulum_default,1,161287,101.75
pendulum_default,1,166348,104.0
pendulum_default,1,171459,133.5
pendulum_default,1,176557,173.0
pendulum_default,1,181684,121.0
pendulum_default,1,186697,120.25
pendulum_default,1,191731,97.8
pendulum_default,1,196826,162.66667
pendulum_default,1,201946,108.75
pendulum_default,1,206998,136.5
pendulum_default,1,212006,143.33333
pendulum_default,1,217088,262.0
pendulum_default,1,222269,151.66667
pendulum_default,1,227556,172.66667
pendulum_default,1,232597,252.0
pendulum_default,1,237726,290.5
pendulum_default,1,242966,210.5
pendulum_default,1,248208,264.0
pendulum_default,1,253460,261.5
pendulum_default,1,258525,390.0
pendulum_default,1,263584,270.5
pendulum_default,1,268728,367.0
pendulum_default,1,273915,409.0
pendulum_default,1,279236,248.0
pendulum_default,1,284939,513.0
pendulum_default,1,290015,320.5
pendulum_default,1,295203,414.5
pendulum_default,1,300993,688.0
pendulum_default,1,306512,1000.0
pendulum_default,1,311569,906.0
pendulum_default,1,317249,1000.0
pendulum_default,1,322384,1000.0
pendulum_default,1,328073,1000.0
pendulum_default,1,333371,1000.0
pendulum_default,1,338609,578.0
pendulum_default,1,344469,1000.0
pendulum_default,1,349469,1000.0
pendulum_default,1,354469,1000.0
pendulum_default,1,360411,1000.0
pendulum_default,1,365996,1000.0
pendulum_default,1,371761,1000.0
pendulum_default,1,376761,1000.0
pendulum_default,1,382731,1000.0
pendulum_default,1,387731,1000.0
pendulum_default,1,392731,1000.0
pendulum_default,1,398087,1000.0
pendulum_default,1,403087,1000.0
pendulum_default,1,408087,1000.0
pendulum_default,1,413129,1000.0
pendulum_default,1,418278,1000.0
pendulum_default,1,423278,1000.0
pendulum_default,1,428283,1000.0
pendulum_default,1,433747,1000.0
pendulum_default,1,438747,1000.0
pendulum_default,1,444586,1000.0
pendulum_default,1,449586,1000.0
pendulum_default,1,454586,1000.0
pendulum_default,1,460273,960.0
pendulum_default,1,465957,989.0
pendulum_default,1,471571,537.0
pendulum_default,1,477515,1000.0
pendulum_default,1,483071,257.5
pendulum_default,1,488556,1000.0
pendulum_default,1,493556,1000.0
pendulum_default,1,498556,1000.0
pendulum_default,1,503556,1000.0
pendulum_default,1,508556,1000.0
pendulum_default,1,513556,1000.0
pendulum_default,1,518556,1000.0
pendulum_default,2,5003,11.823529
pendulum_default,2,10005,14.925926
pendulum_default,2,15014,19.285715
pendulum_default,2,20015,27.333334
pendulum_default,2,25015,29.142857
pendulum_default,2,30033,39.909092
pendulum_default,2,35126,35.0
pendulum_default,2,40153,53.875
pendulum_default,2,45173,40.636364
pendulum_default,2,50201,46.555557
pendulum_default,2,55212,54.375
pendulum_default,2,60217,51.0
pendulum_default,2,65246,73.5
pendulum_default,2,70326,86.8
pendulum_default,2,75357,71.166664
pendulum_default,2,80424,61.0
pendulum_default,2,85517,84.833336
pendulum_default,2,90618,63.714287
pendulum_default,2,95644,82.0
pendulum_default,2,100700,90.4
pendulum_default,2,105715,97.4
pendulum_default,2,110784,135.66667
pendulum_default,2,115866,162.0
pendulum_default,2,120921,85.6
pendulum_default,2,125948,84.4
pendulum_default,2,131015,106.75
pendulum_default,2,136104,142.66667
pendulum_default,2,141298,105.25
pendulum_default,2,146318,167.0
pendulum_default,2,151419,128.0
pendulum_default,2,156422,157.33333
pendulum_default,2,161550,119.75
pendulum_default,2,166591,144.33333
pendulum_default,2,171721,127.75
pendulum_default,2,176794,135.25
pendulum_default,2,181861,121.25
pendulum_default,2,187024,130.25
pendulum_default,2,192051,275.5
pendulum_default,2,197389,229.33333
pendulum_default,2,202504,260.0
pendulum_default,2,207605,238.5
pendulum_default,2,212750,133.5
pendulum_default,2,217812,257.5
pendulum_default,2,223001,305.5
pendulum_default,2,228380,293.5
pendulum_default,2,233648,200.5
pendulum_default,2,238752,254.0
pendulum_default,2,243960,464.0
pendulum_default,2,248963,192.66667
pendulum_default,2,254135,349.5
pendulum_default,2,259838,1000.0
pendulum_default,2,264943,631.5
pendulum_default,2,270719,1000.0
pendulum_default,2,276152,573.0
pendulum_default,2,282135,615.0
pendulum_default,2,287204,439.0
pendulum_default,2,292204,676.0
pendulum_default,2,297536,919.0
pendulum_default,2,302769,1000.0
pendulum_default,2,307887,1000.0
pendulum_default,2,313829,1000.0
pendulum_default,2,318940,1000.0
pendulum_default,2,324112,1000.0
pendulum_default,2,329322,1000.0
pendulum_default,2,334322,1000.0
pendulum_default,2,339322,1000.0
pendulum_default,2,344322,1000.0
pendulum_default,2,349429,1000.0
pendulum_default,2,354429,1000.0
pendulum_default,2,359429,1000.0
pendulum_default,2,364742,297.5
pendulum_default,2,369887,516.0
pendulum_default,2,375042,1000.0
pendulum_default,2,380042,1000.0
pendulum_default,2,385042,1000.0
pendulum_default,2,390042,1000.0
pendulum_default,2,395042,1000.0
pendulum_default,2,400042,627.0
pendulum_default,2,405205,1000.0
pendulum_default,2,410205,1000.0
pendulum_default,2,415205,1000.0
pendulum_default,2,420845,1000.0
pendulum_default,2,425845,956.0
pendulum_default,2,430845,1000.0
pendulum_default,2,436132,1000.0
pendulum_default,2,441257,1000.0
pendulum_default,2,446815,1000.0
pendulum_default,2,452004,1000.0
pendulum_default,2,457004,826.0
pendulum_default,2,462952,1000.0
pendulum_default,2,467952,1000.0
pendulum_default,2,472952,1000.0
pendulum_default,2,477952,1000.0
pendulum_default,2,483499,1000.0
pendulum_default,2,488499,1000.0
pendulum_default,2,493499,1000.0
pendulum_default,2,498499,1000.0
pendulum_default,2,503499,1000.0
pendulum_default,2,508499,1000.0
pendulum_default,2,513499,1000.0
pendulum_default,3,5001,8.888889
pendulum_default,3,10014,14.413794
pendulum_default,3,15018,19.619047
pendulum_default,3,20038,28.857143
pendulum_default,3,25047,40.18182
pendulum_default,3,30131,46.88889
pendulum_default,3,35221,66.42857
pendulum_default,3,40275,45.0
pendulum_default,3,45277,69.42857
pendulum_default,3,50367,85.0
pendulum_default,3,55400,81.5
pendulum_default,3,60492,102.0
pendulum_default,3,65515,82.0
pendulum_default,3,70548,89.0
pendulum_default,3,75612,107.25
pendulum_default,3,80689,57.42857
pendulum_default,3,85720,63.57143
pendulum_default,3,90787,80.666664
pendulum_default,3,95796,89.8
pendulum_default,3,100879,97.4
pendulum_default,3,105879,107.5
pendulum_default,3,110916,93.0
pendulum_default,3,115982,128.0
pendulum_default,3,121203,138.66667
pendulum_default,3,126360,123.25
pendulum_default,3,131466,222.0
pendulum_default,3,136486,102.75
pendulum_default,3,141516,179.33333
pendulum_default,3,146595,179.0
pendulum_default,3,151632,187.0
pendulum_default,3,156702,172.0
pendulum_default,3,161781,167.33333
pendulum_default,3,166952,203.0
pendulum_default,3,172078,203.0
pendulum_default,3,177108,249.0
pendulum_default,3,182117,154.0
pendulum_default,3,187256,209.33333
pendulum_default,3,192405,273.0
pendulum_default,3,197518,289.0
pendulum_default,3,202562,181.33333
pendulum_default,3,207763,206.0
pendulum_default,3,212954,636.0
pendulum_default,3,218033,257.5
pendulum_default,3,223134,557.0
pendulum_default,3,228417,194.33333
pendulum_default,3,233627,237.5
pendulum_default,3,238901,512.0
pendulum_default,3,243972,409.0
pendulum_default,3,249236,431.5
pendulum_default,3,254734,491.0
pendulum_default,3,259954,1000.0
pendulum_default,3,265205,1000.0
pendulum_default,3,271120,974.0
pendulum_default,3,276277,1000.0
pendulum_default,3,281735,1000.0
pendulum_default,3,287234,998.0
pendulum_default,3,292627,1000.0
pendulum_default,3,298575,627.5
pendulum_default,3,303575,1000.0
pendulum_default,3,309310,524.5
pendulum_default,3,314310,1000.0
pendulum_default,3,319780,1000.0
pendulum_default,3,325064,701.0
pendulum_default,3,330173,1000.0
pendulum_default,3,335173,690.0
pendulum_default,3,340173,1000.0
pendulum_default,3,345173,905.0
pendulum_default,3,350903,1000.0
pendulum_default,3,356028,1000.0
pendulum_default,3,361921,1000.0
pendulum_default,3,367248,1000.0
pendulum_default,3,373205,1000.0
pendulum_default,3,378719,1000.0
pendulum_default,3,383719,1000.0
pendulum_default,3,388719,1000.0
pendulum_default,3,393719,1000.0
pendulum_default,3,398719,1000.0
pendulum_default,3,403719,1000.0
pendulum_default,3,408719,1000.0
pendulum_default,3,413719,1000.0
pendulum_default,3,418719,1000.0
pendulum_default,3,423719,1000.0
pendulum_default,3,428719,1000.0
pendulum_default,3,433719,452.0
pendulum_default,3,438859,792.0
pendulum_default,3,444852,1000.0
pendulum_default,3,449852,1000.0
pendulum_default,3,454852,1000.0
pendulum_default,3,459927,1000.0
pendulum_default,3,464957,1000.0
pendulum_default,3,470370,1000.0
pendulum_default,3,475400,1000.0
pendulum_default,3,480496,1000.0
pendulum_default,3,485726,1000.0
pendulum_default,3,490726,1000.0
pendulum_default,3,496376,1000.0
pendulum_default,3,501376,1000.0
pendulum_default,3,506376,1000.0
pendulum_default,3,511376,1000.0
pendulum_default,3,516376,1000.0
pendulum_default,4,5005,8.395833
pendulum_default,4,10005,12.333333
pendulum_default,4,15028,18.772728
pendulum_default,4,20035,19.285715
pendulum_default,4,25047,27.066668
pendulum_default,4,30053,29.0
pendulum_default,4,35072,28.066668
pendulum_default,4,40074,26.666666
pendulum_default,4,45125,30.0
pendulum_default,4,50138,34.0
pendulum_default,4,55149,34.833332
pendulum_default,4,60150,40.81818
pendulum_default,4,65169,36.81818
pendulum_default,4,70213,44.444443
pendulum_default,4,75224,66.666664
pendulum_default,4,80228,47.0
pendulum_default,4,85260,42.3
pendulum_default,4,90260,59.375
pendulum_default,4,95300,69.666664
pendulum_default,4,100318,51.0
pendulum_default,4,105320,86.8
pendulum_default,4,110354,53.125
pendulum_default,4,115366,59.142857
pendulum_default,4,120437,45.555557
pendulum_default,4,125438,91.0
pendulum_default,4,130487,70.333336
pendulum_default,4,135518,96.2
pendulum_default,4,140635,97.0
pendulum_default,4,145660,109.75
pendulum_default,4,150676,101.25
pendulum_default,4,155704,83.6
pendulum_default,4,160799,71.333336
pendulum_default,4,165971,76.0
pendulum_default,4,171021,103.25
pendulum_default,4,176103,108.2
pendulum_default,4,181181,118.75
pendulum_default,4,186268,111.25
pendulum_default,4,191392,87.0
pendulum_default,4,196443,170.66667
pendulum_default,4,201531,118.0
pendulum_default,4,206575,164.66667
pendulum_default,4,211696,122.0
pendulum_default,4,216804,161.0
pendulum_default,4,221991,156.0
pendulum_default,4,227065,145.25
pendulum_default,4,232130,241.5
pendulum_default,4,237314,172.66667
pendulum_default,4,242379,170.66667
pendulum_default,4,247697,408.0
pendulum_default,4,252826,255.5
pendulum_default,4,257943,382.0
pendulum_default,4,263214,248.33333
pendulum_default,4,268295,146.0
pendulum_default,4,273641,403.0
pendulum_default,4,278774,341.0
pendulum_default,4,284136,687.0
pendulum_default,4,289271,1000.0
pendulum_default,4,294748,973.0
pendulum_default,4,300295,724.0
pendulum_default,4,305452,1000.0
pendulum_default,4,310452,1000.0
pendulum_default,4,315456,537.0
pendulum_default,4,320665,453.0
pendulum_default,4,325669,544.0
pendulum_default,4,330855,799.0
pendulum_default,4,336080,1000.0
pendulum_default,4,341844,1000.0
pendulum_default,4,346844,1000.0
pendulum_default,4,352785,1000.0
pendulum_default,4,357785,1000.0
pendulum_default,4,362785,622.0
pendulum_default,4,367785,1000.0
pendulum_default,4,372785,1000.0
pendulum_default,4,377785,1000.0
pendulum_default,4,382785,1000.0
pendulum_default,4,387785,1000.0
pendulum_default,4,392785,1000.0
pendulum_default,4,397785,1000.0
pendulum_default,4,402785,1000.0
pendulum_default,4,407785,1000.0
pendulum_default,4,412785,1000.0
pendulum_default,4,417785,1000.0
pendulum_default,4,423682,1000.0
pendulum_default,4,428682,1000.0
pendulum_default,4,433682,1000.0
pendulum_default,4,439131,1000.0
pendulum_default,4,444542,1000.0
pendulum_default,4,449657,1000.0
pendulum_default,4,455036,1000.0
pendulum_default,4,460036,1000.0
pendulum_default,4,465036,1000.0
pendulum_default,4,470036,1000.0
pendulum_default,4,475036,1000.0
pendulum_default,4,480281,501.0
pendulum_default,4,485281,1000.0
pendulum_default,4,490928,1000.0
pendulum_default,4,495928,1000.0
pendulum_default,4,500928,1000.0
pendulum_default,4,505928,1000.0
pendulum_default,4,510928,1000.0
pendulum_default,5,5000,12.294118
pendulum_default,5,10011,20.380953
pendulum_default,5,15029,19.09091
pendulum_default,5,20063,24.882353
pendulum_default,5,25088,25.1875
pendulum_default,5,30093,31.571428
pendulum_default,5,35110,42.1
pendulum_default,5,40155,78.28571
pendulum_default,5,45212,62.42857
pendulum_default,5,50279,72.57143
pendulum_default,5,55296,64.875
pendulum_default,5,60298,75.0
pendulum_default,5,65365,68.666664
pendulum_default,5,70368,76.71429
pendulum_default,5,75380,59.25
pendulum_default,5,80416,128.25
pendulum_default,5,85435,83.6
pendulum_default,5,90533,96.2
pendulum_default,5,95634,80.166664
pendulum_default,5,100724,109.25
pendulum_default,5,105776,178.66667
pendulum_default,5,110846,132.75
pendulum_default,5,115950,110.5
pendulum_default,5,121026,81.8
pendulum_default,5,126081,150.0
pendulum_default,5,131130,111.25
pendulum_default,5,136203,102.75
pendulum_default,5,141262,135.66667
pendulum_default,5,146304,123.5
pendulum_default,5,151436,115.25
pendulum_default,5,156570,121.0
pendulum_default,5,161630,133.25
pendulum_default,5,166781,161.0
pendulum_default,5,171863,206.0
pendulum_default,5,176982,158.33333
pendulum_default,5,182000,191.33333
pendulum_default,5,187098,186.33333
pendulum_default,5,192190,175.33333
pendulum_default,5,197207,138.0
pendulum_default,5,202278,160.33333
pendulum_default,5,207283,275.0
pendulum_default,5,212329,281.0
pendulum_default,5,217359,254.5
pendulum_default,5,222642,458.0
pendulum_default,5,227720,258.0
pendulum_default,5,233362,346.0
pendulum_default,5,239208,508.0
pendulum_default,5,244344,244.0
pendulum_default,5,249578,325.0
pendulum_default,5,254728,546.0
pendulum_default,5,259891,240.75
pendulum_default,5,265035,718.0
pendulum_default,5,270480,379.5
pendulum_default,5,275588,287.5
pendulum_default,5,280864,213.5
pendulum_default,5,285960,477.5
pendulum_default,5,291605,357.0
pendulum_default,5,296767,448.0
pendulum_default,5,302364,1000.0
pendulum_default,5,307761,522.0
pendulum_default,5,312891,1000.0
pendulum_default,5,317891,1000.0
pendulum_default,5,323272,1000.0
pendulum_default,5,328593,1000.0
pendulum_default,5,334279,1000.0
pendulum_default,5,339535,1000.0
pendulum_default,5,345202,511.0
pendulum_default,5,350631,685.0
pendulum_default,5,355784,1000.0
pendulum_default,5,361214,875.0
pendulum_default,5,366445,224.0
pendulum_default,5,371812,176.5
pendulum_default,5,376864,908.0
pendulum_default,5,381890,1000.0
pendulum_default,5,387425,1000.0
pendulum_default,5,392928,1000.0
pendulum_default,5,398042,1000.0
pendulum_default,5,403954,1000.0
pendulum_default,5,408954,1000.0
pendulum_default,5,413954,1000.0
pendulum_default,5,418954,1000.0
pendulum_default,5,423954,1000.0
pendulum_default,5,428954,1000.0
pendulum_default,5,433954,1000.0
pendulum_default,5,439847,1000.0
pendulum_default,5,445154,619.0
pendulum_default,5,450596,591.0
pendulum_default,5,455634,362.0
pendulum_default,5,460661,1000.0
pendulum_default,5,466143,1000.0
pendulum_default,5,471467,633.0
pendulum_default,5,477074,1000.0
pendulum_default,5,482074,1000.0
pendulum_default,5,487074,1000.0
pendulum_default,5,492074,1000.0
pendulum_default,5,497074,1000.0
pendulum_default,5,502074,1000.0
pendulum_default,5,507074,1000.0
pendulum_default,5,512074,764.0
pendulum_default,5,518066,1000.0
pendulum_best,1,214,11.305555
pendulum_best,1,425,13.862069
pendulum_best,1,642,24.235294
pendulum_best,1,848,22.777779
pendulum_best,1,1059,24.588236
pendulum_best,1,1260,40.6
pendulum_best,1,1465,64.5
pendulum_best,1,1693,60.0
pendulum_best,1,1904,44.666668
pendulum_best,1,2176,61.42857
pendulum_best,1,2388,60.57143
pendulum_best,1,2620,47.333332
pendulum_best,1,2867,41.363636
pendulum_best,1,3107,59.857143
pendulum_best,1,3321,53.375
pendulum_best,1,3591,59.857143
pendulum_best,1,3812,58.625
pendulum_best,1,4016,52.5
pendulum_best,1,4247,82.0
pendulum_best,1,4527,91.0
pendulum_best,1,4758,85.8
pendulum_best,1,4968,83.0
pendulum_best,1,5215,138.33333
pendulum_best,1,5431,75.833336
pendulum_best,1,5632,82.833336
pendulum_best,1,5890,91.2
pendulum_best,1,6094,80.166664
pendulum_best,1,6307,60.42857
pendulum_best,1,6705,103.0
pendulum_best,1,6958,86.6
pendulum_best,1,7255,139.33333
pendulum_best,1,7492,147.33333
pendulum_best,1,7862,69.333336
pendulum_best,1,8132,84.8
pendulum_best,1,8378,85.6
pendulum_best,1,8602,95.0
pendulum_best,1,8839,137.33333
pendulum_best,1,9095,111.0
pendulum_best,1,9323,116.75
pendulum_best,1,9614,115.75
pendulum_best,1,9829,102.75
pendulum_best,1,10052,107.25
pendulum_best,1,10306,146.0
pendulum_best,1,10530,161.66667
pendulum_best,1,10851,145.0
pendulum_best,1,11200,294.0
pendulum_best,1,11417,555.0
pendulum_best,1,11728,329.0
pendulum_best,1,12022,136.33333
pendulum_best,1,12223,135.25
pendulum_best,1,12453,157.0
pendulum_best,1,12736,100.0
pendulum_best,1,12939,86.4
pendulum_best,1,13268,148.66667
pendulum_best,1,13522,94.4
pendulum_best,1,13809,214.0
pendulum_best,1,14040,403.0
pendulum_best,1,14289,756.0
pendulum_best,1,14871,543.0
pendulum_best,1,15304,1000.0
pendulum_best,1,15612,1000.0
pendulum_best,1,16063,1000.0
pendulum_best,1,17063,1000.0
pendulum_best,1,18063,1000.0
pendulum_best,1,19063,1000.0
pendulum_best,1,20063,1000.0
pendulum_best,1,21063,1000.0
pendulum_best,1,22063,1000.0
pendulum_best,1,23063,1000.0
pendulum_best,1,24063,1000.0
pendulum_best,1,25063,1000.0
pendulum_best,1,26063,1000.0
pendulum_best,1,27063,1000.0
pendulum_best,1,28063,1000.0
pendulum_best,1,29063,1000.0
pendulum_best,1,30063,1000.0
pendulum_best,1,31063,1000.0
pendulum_best,1,32063,1000.0
pendulum_best,1,33063,1000.0
pendulum_best,1,34063,1000.0
pendulum_best,1,35063,1000.0
pendulum_best,1,36063,1000.0
pendulum_best,1,36358,1000.0
pendulum_best,1,37358,1000.0
pendulum_best,1,38358,1000.0
pendulum_best,1,39358,1000.0
pendulum_best,1,40358,1000.0
pendulum_best,1,41358,1000.0
pendulum_best,1,42358,1000.0
pendulum_best,1,43358,453.0
pendulum_best,1,43843,642.5
pendulum_best,1,44843,165.66667
pendulum_best,1,45462,385.5
pendulum_best,1,45722,1000.0
pendulum_best,1,46722,1000.0
pendulum_best,1,47270,1000.0
pendulum_best,1,48270,1000.0
pendulum_best,1,49270,1000.0
pendulum_best,1,50270,1000.0
pendulum_best,1,51270,1000.0
pendulum_best,2,209,9.595238
pendulum_best,2,410,13.4
pendulum_best,2,619,17.47826
pendulum_best,2,820,21.526316
pendulum_best,2,1052,23.444445
pendulum_best,2,1273,28.133333
pendulum_best,2,1488,34.583332
pendulum_best,2,1736,20.5
pendulum_best,2,1937,24.235294
pendulum_best,2,2157,21.842106
pendulum_best,2,2360,21.105263
pendulum_best,2,2561,27.866667
pendulum_best,2,2778,25.625
pendulum_best,2,2987,33.0
pendulum_best,2,3197,31.76923
pendulum_best,2,3413,27.333334
pendulum_best,2,3637,29.5
pendulum_best,2,3853,37.090908
pendulum_best,2,4071,80.8
pendulum_best,2,4277,59.57143
pendulum_best,2,4510,49.88889
pendulum_best,2,4749,35.25
pendulum_best,2,4949,30.923077
pendulum_best,2,5168,63.57143
pendulum_best,2,5369,50.375
pendulum_best,2,5607,46.333332
pendulum_best,2,5851,60.625
pendulum_best,2,6070,59.714287
pendulum_best,2,6325,62.285713
pendulum_best,2,6590,73.833336
pendulum_best,2,6827,62.285713
pendulum_best,2,7060,54.5
pendulum_best,2,7300,58.857143
pendulum_best,2,7524,53.125
pendulum_best,2,7726,109.25
pendulum_best,2,7980,72.666664
pendulum_best,2,8196,124.25
pendulum_best,2,8403,100.75
pendulum_best,2,8752,104.75
pendulum_best,2,9001,93.0
pendulum_best,2,9332,60.714287
pendulum_best,2,9565,60.285713
pendulum_best,2,9782,63.5
pendulum_best,2,9983,50.375
pendulum_best,2,10258,54.375
pendulum_best,2,10515,59.142857
pendulum_best,2,10750,82.666664
pendulum_best,2,11063,143.5
pendulum_best,2,11282,86.4
pendulum_best,2,11558,102.0
pendulum_best,2,11827,111.75
pendulum_best,2,12121,110.25
pendulum_best,2,12389,138.0
pendulum_best,2,12692,109.0
pendulum_best,2,12964,122.0
pendulum_best,2,13210,136.33333
pendulum_best,2,13526,209.33333
pendulum_best,2,13819,106.2
pendulum_best,2,14047,178.33333
pendulum_best,2,14318,144.66667
pendulum_best,2,14613,164.0
pendulum_best,2,14832,135.33333
pendulum_best,2,15148,166.0
pendulum_best,2,15438,177.66667
pendulum_best,2,15772,130.75
pendulum_best,2,16103,216.5
pendulum_best,2,16389,397.0
pendulum_best,2,16667,457.0
pendulum_best,2,16902,289.5
pendulum_best,2,17168,212.5
pendulum_best,2,17596,98.2
pendulum_best,2,17862,238.5
pendulum_best,2,18112,479.0
pendulum_best,2,18370,233.0
pendulum_best,2,18879,518.0
pendulum_best,2,19379,441.0
pendulum_best,2,19726,1000.0
pendulum_best,2,20240,1000.0
pendulum_best,2,21240,751.0
pendulum_best,2,22240,1000.0
pendulum_best,2,23240,1000.0
pendulum_best,2,24240,1000.0
pendulum_best,2,25240,1000.0
pendulum_best,2,26240,1000.0
pendulum_best,2,27240,1000.0
pendulum_best,2,28240,1000.0
pendulum_best,2,29240,1000.0
pendulum_best,2,30240,1000.0
pendulum_best,2,31240,1000.0
pendulum_best,2,32240,1000.0
pendulum_best,2,33240,1000.0
pendulum_best,2,34240,1000.0
pendulum_best,2,35240,1000.0
pendulum_best,2,36240,1000.0
pendulum_best,2,37240,1000.0
pendulum_best,2,38240,1000.0
pendulum_best,2,39240,1000.0
pendulum_best,2,40240,146.0
pendulum_best,2,40664,186.33333
pendulum_best,2,41223,438.5
pendulum_best,3,201,10.125
pendulum_best,3,413,15.75
pendulum_best,3,618,23.647058
pendulum_best,3,819,31.615385
pendulum_best,3,1038,51.5
pendulum_best,3,1238,44.2
pendulum_best,3,1468,40.7
pendulum_best,3,1687,48.444443
pendulum_best,3,1914,59.57143
pendulum_best,3,2148,56.5
pendulum_best,3,2367,68.28571
pendulum_best,3,2578,95.4
pendulum_best,3,2889,83.2
pendulum_best,3,3121,72.666664
pendulum_best,3,3368,52.375
pendulum_best,3,3614,67.166664
pendulum_best,3,3828,47.444443
pendulum_best,3,4042,61.0
pendulum_best,3,4291,81.2
pendulum_best,3,4576,88.6
pendulum_best,3,4847,148.0
pendulum_best,3,5097,80.6
pendulum_best,3,5312,74.166664
pendulum_best,3,5520,69.666664
pendulum_best,3,5782,49.666668
pendulum_best,3,6001,57.57143
pendulum_best,3,6241,58.714287
pendulum_best,3,6491,65.14286
pendulum_best,3,6691,66.71429
pendulum_best,3,6962,81.333336
pendulum_best,3,7164,108.5
pendulum_best,3,7409,141.0
pendulum_best,3,7792,482.0
pendulum_best,3,8105,84.8
pendulum_best,3,8692,100.0
pendulum_best,3,8928,105.75
pendulum_best,3,9135,131.75
pendulum_best,3,9404,76.333336
pendulum_best,3,9901,83.0
pendulum_best,3,10164,87.8
pendulum_best,3,10395,84.5
pendulum_best,3,10624,88.85714
pendulum_best,3,10876,91.2
pendulum_best,3,11173,93.5
pendulum_best,3,11384,185.66667
pendulum_best,3,11664,106.5
pendulum_best,3,11879,83.8
pendulum_best,3,12110,94.6
pendulum_best,3,12468,82.4
pendulum_best,3,12767,78.0
pendulum_best,3,13065,87.4
pendulum_best,3,13270,107.0
pendulum_best,3,13501,126.5
pendulum_best,3,13808,597.0
pendulum_best,3,14259,1000.0
pendulum_best,3,15259,1000.0
pendulum_best,3,16259,520.0
pendulum_best,3,16823,277.0
pendulum_best,3,17137,530.0
pendulum_best,3,17441,577.0
pendulum_best,3,17883,386.33334
pendulum_best,3,18882,314.5
pendulum_best,3,19327,365.5
pendulum_best,3,20263,180.0
pendulum_best,3,20495,1000.0
pendulum_best,3,21677,1000.0
pendulum_best,3,22534,1000.0
pendulum_best,3,23534,1000.0
pendulum_best,3,24534,1000.0
pendulum_best,3,25534,1000.0
pendulum_best,3,26534,1000.0
pendulum_best,3,27534,1000.0
pendulum_best,3,28534,1000.0
pendulum_best,3,29534,1000.0
pendulum_best,3,30534,1000.0
pendulum_best,3,31534,1000.0
pendulum_best,3,32534,1000.0
pendulum_best,3,33534,1000.0
pendulum_best,3,34534,1000.0
pendulum_best,3,35534,644.0
pendulum_best,3,36534,612.0
pendulum_best,3,37046,946.0
pendulum_best,3,37940,1000.0
pendulum_best,3,38940,1000.0
pendulum_best,3,39940,479.0
pendulum_best,3,40940,1000.0
pendulum_best,3,41199,250.0
pendulum_best,3,41645,1000.0
pendulum_best,3,42732,218.5
pendulum_best,3,43128,624.0
pendulum_best,3,43544,1000.0
pendulum_best,3,44544,789.0
pendulum_best,3,45544,660.5
pendulum_best,3,46544,757.0
pendulum_best,3,47544,415.0
pendulum_best,3,48739,172.33333
pendulum_best,3,49085,287.66666
pendulum_best,3,49632,1000.0
pendulum_best,3,50632,1000.0
pendulum_best,3,51632,1000.0
pendulum_best,4,200,9.571428
pendulum_best,4,414,11.764706
pendulum_best,4,620,20.65
pendulum_best,4,826,16.04
pendulum_best,4,1028,22.368422
pendulum_best,4,1266,27.266666
pendulum_best,4,1511,29.142857
pendulum_best,4,1723,28.133333
pendulum_best,4,1939,29.857143
pendulum_best,4,2140,36.0
pendulum_best,4,2365,34.583332
pendulum_best,4,2589,35.416668
pendulum_best,4,2792,46.7
pendulum_best,4,3030,50.875
pendulum_best,4,3315,63.285713
pendulum_best,4,3556,73.333336
pendulum_best,4,3777,76.14286
pendulum_best,4,3997,68.14286
pendulum_best,4,4258,63.0
pendulum_best,4,4473,52.75
pendulum_best,4,4725,54.375
pendulum_best,4,4959,43.8
pendulum_best,4,5160,63.285713
pendulum_best,4,5369,76.5
pendulum_best,4,5639,104.25
pendulum_best,4,5868,94.6
pendulum_best,4,6130,82.0
pendulum_best,4,6388,73.166664
pendulum_best,4,6684,74.333336
pendulum_best,4,6983,96.0
pendulum_best,4,7214,113.25
pendulum_best,4,7422,53.625
pendulum_best,4,7688,55.5
pendulum_best,4,7926,40.2
pendulum_best,4,8159,34.416668
pendulum_best,4,8390,46.666668
pendulum_best,4,8627,77.666664
pendulum_best,4,8870,67.42857
pendulum_best,4,9105,84.5
pendulum_best,4,9351,74.666664
pendulum_best,4,9579,46.555557
pendulum_best,4,9840,41.4
pendulum_best,4,10052,59.285713
pendulum_best,4,10297,58.857143
pendulum_best,4,10500,75.0
pendulum_best,4,10775,146.0
pendulum_best,4,11008,217.5
pendulum_best,4,11278,155.33333
pendulum_best,4,11523,153.33333
pendulum_best,4,11805,122.75
pendulum_best,4,12023,69.71429
pendulum_best,4,12273,49.666668
pendulum_best,4,12505,89.8
pendulum_best,4,12715,94.666664
pendulum_best,4,13084,427.0
pendulum_best,4,13598,579.0
pendulum_best,4,14352,494.0
pendulum_best,4,14944,206.0
pendulum_best,4,15341,382.0
pendulum_best,4,15660,494.0
pendulum_best,4,16660,213.5
pendulum_best,4,16912,165.0
pendulum_best,4,17283,249.0
pendulum_best,4,17539,1000.0
pendulum_best,4,18236,438.0
pendulum_best,4,18695,1000.0
pendulum_best,4,19369,1000.0
pendulum_best,4,19874,1000.0
pendulum_best,4,20646,1000.0
pendulum_best,4,20947,1000.0
pendulum_best,4,21947,1000.0
pendulum_best,4,22947,1000.0
pendulum_best,4,23947,1000.0
pendulum_best,4,24947,1000.0
pendulum_best,4,25947,1000.0
pendulum_best,4,26947,644.0
pendulum_best,4,27947,213.0
pendulum_best,4,28212,110.0
pendulum_best,4,28501,136.66667
pendulum_best,4,28751,96.6
pendulum_best,4,29091,243.25
pendulum_best,4,29307,1000.0
pendulum_best,4,30307,1000.0
pendulum_best,4,31307,1000.0
pendulum_best,4,32307,1000.0
pendulum_best,4,33307,1000.0
pendulum_best,4,34307,1000.0
pendulum_best,4,35307,1000.0
pendulum_best,4,36307,1000.0
pendulum_best,4,37307,514.0
pendulum_best,4,38307,70.666664
pendulum_best,4,38807,1000.0
pendulum_best,4,39807,1000.0
pendulum_best,4,40807,1000.0
pendulum_best,4,41807,1000.0
pendulum_best,4,42905,629.0
pendulum_best,4,43108,1000.0
pendulum_best,4,44108,1000.0
pendulum_best,4,45108,1000.0
pendulum_best,4,46108,1000.0
pendulum_best,5,204,10.837838
pendulum_best,5,409,17.083334
pendulum_best,5,609,18.727272
pendulum_best,5,825,28.2
pendulum_best,5,1090,35.23077
pendulum_best,5,1292,35.0
pendulum_best,5,1503,33.0
pendulum_best,5,1709,32.0
pendulum_best,5,1924,23.764706
pendulum_best,5,2140,25.25
pendulum_best,5,2367,22.105263
pendulum_best,5,2575,28.6
pendulum_best,5,2785,27.1875
pendulum_best,5,2993,37.272728
pendulum_best,5,3210,48.88889
pendulum_best,5,3415,63.875
pendulum_best,5,3645,66.14286
pendulum_best,5,3860,80.833336
pendulum_best,5,4127,65.14286
pendulum_best,5,4339,38.363636
pendulum_best,5,4548,36.076923
pendulum_best,5,4795,26.666666
pendulum_best,5,5024,36.833332
pendulum_best,5,5256,34.416668
pendulum_best,5,5470,61.142857
pendulum_best,5,5675,69.833336
pendulum_best,5,6005,189.0
pendulum_best,5,6233,138.0
pendulum_best,5,6482,112.5
pendulum_best,5,6798,104.25
pendulum_best,5,7153,222.0
pendulum_best,5,7415,141.0
pendulum_best,5,7822,151.33333
pendulum_best,5,8077,98.4
pendulum_best,5,8322,164.33333
pendulum_best,5,8535,136.66667
pendulum_best,5,8986,182.33333
pendulum_best,5,9189,182.66667
pendulum_best,5,9485,206.33333
pendulum_best,5,9807,154.66667
pendulum_best,5,10128,103.6
pendulum_best,5,10664,328.33334
pendulum_best,5,11143,431.0
pendulum_best,5,11784,300.0
pendulum_best,5,12037,314.5
pendulum_best,5,12253,190.66667
pendulum_best,5,12755,509.0
pendulum_best,5,13244,1000.0
pendulum_best,5,13612,227.5
pendulum_best,5,14216,1000.0
pendulum_best,5,15042,1000.0
pendulum_best,5,16042,1000.0
pendulum_best,5,16754,753.0
pendulum_best,5,17650,1000.0
pendulum_best,5,18650,1000.0
pendulum_best,5,19152,1000.0
pendulum_best,5,20152,1000.0
pendulum_best,5,21152,915.0
pendulum_best,5,22152,552.0
pendulum_best,5,22977,208.66667
pendulum_best,5,23326,136.33333
pendulum_best,5,23605,95.0
pendulum_best,5,23828,125.5
pendulum_best,5,24079,311.0
pendulum_best,5,24605,1000.0
pendulum_best,5,25605,1000.0
pendulum_best,5,26605,1000.0
pendulum_best,5,27605,1000.0
pendulum_best,5,28605,1000.0
pendulum_best,5,29605,1000.0
pendulum_best,5,30605,1000.0
pendulum_best,5,31605,1000.0
pendulum_best,5,32605,1000.0
pendulum_best,5,33605,1000.0
pendulum_best,5,34605,1000.0
pendulum_best,5,35605,1000.0
pendulum_best,5,36605,503.5
pendulum_best,5,37605,1000.0
pendulum_best,5,38605,1000.0
pendulum_best,5,39666,1000.0
pendulum_best,5,40666,1000.0
pendulum_best,5,41675,1000.0
pendulum_best,5,42684,503.0
pendulum_best,5,43684,1000.0
pendulum_best,5,44042,503.0
pendulum_best,5,45042,515.0
pendulum_best,5,45835,1000.0
pendulum_best,5,46835,653.0
pendulum_best,5,47835,1000.0
pendulum_best,5,48835,1000.0
pendulum_best,5,49709,354.66666
pendulum_best,5,50124,506.0
pendulum_best,5,51124,1000.0
pendulum_best,5,52132,1000.0
pendulum_best,5,53132,1000.0
pendulum_best,5,54132,1000.0
pendulum_best,5,55132,151.33333
pendulum_best,5,55467,170.66667
pendulum_best,5,55821,1000.0
pendulum_best,5,56821,1000.0